name,id,url,review_count,rating,price,phone,Address,Address_2,City,Zip_Code
Boxcar Bistro,kyv7XyDm7rbd-Vw6PpVwCw,https://www.yelp.com/biz/boxcar-bistro-missoula?adjust_creative=9aetCFF9NH-ceRnjnNBXZg&utm_campaign=yelp_api_v3&utm_medium=api_v3_business_search&utm_source=9aetCFF9NH-ceRnjnNBXZg,33,5.0,$$$,+14065514166,875 Wyoming St,Ste 101,Missoula,59801
Tamarack Brewing Company,5tlg-MSf7ZCiLvvAXNmUoQ,https://www.yelp.com/biz/tamarack-brewing-company-missoula?adjust_creative=9aetCFF9NH-ceRnjnNBXZg&utm_campaign=yelp_api_v3&utm_medium=api_v3_business_search&utm_source=9aetCFF9NH-ceRnjnNBXZg,661,4.0,$$,+14068303113,231 W Front St,,Missoula,59802
Second Set Bistro,rbNgp7mrOmaF3mZ3i3RFxg,https://www.yelp.com/biz/second-set-bistro-missoula-3?adjust_creative=9aetCFF9NH-ceRnjnNBXZg&utm_campaign=yelp_api_v3&utm_medium=api_v3_business_search&utm_source=9aetCFF9NH-ceRnjnNBXZg,54,5.0,,+14068303233,111 N Higgins Ave,,Missoula,59802
Plonk,90kbM8J48c_3qyO2hzHKyw,https://www.yelp.com/biz/plonk-missoula?adjust_creative=9aetCFF9NH-ceRnjnNBXZg&utm_campaign=yelp_api_v3&utm_medium=api_v3_business_search&utm_source=9aetCFF9NH-ceRnjnNBXZg,255,4.5,$$,+14069261791,322 N Higgins Ave,,Missoula,59802
Top Hat,md1U1frT7i2KJ5eMciFaIQ,https://www.yelp.com/biz/top-hat-missoula-2?adjust_creative=9aetCFF9NH-ceRnjnNBXZg&utm_campaign=yelp_api_v3&utm_medium=api_v3_business_search&utm_source=9aetCFF9NH-ceRnjnNBXZg,189,4.0,$$,+14067289865,134 W Front St,,Missoula,59802
Zoo Thai,qSsxBOUcejLIMv3f-4W3xA,https://www.yelp.com/biz/zoo-thai-missoula?adjust_creative=9aetCFF9NH-ceRnjnNBXZg&utm_campaign=yelp_api_v3&utm_medium=api_v3_business_search&utm_source=9aetCFF9NH-ceRnjnNBXZg,78,4.0,$$,+14065404206,150 E Front St,,Missoula,59802
Gild,2mChJfBZEfXAYNNza2B4lw,https://www.yelp.com/biz/gild-missoula-2?adjust_creative=9aetCFF9NH-ceRnjnNBXZg&utm_campaign=yelp_api_v3&utm_medium=api_v3_business_search&utm_source=9aetCFF9NH-ceRnjnNBXZg,54,4.5,,+14069263258,515 S Higgins Ave,,Missoula,59801
Market On Front,8aS29FSpTGyACWPxbXllvw,https://www.yelp.com/biz/market-on-front-missoula?adjust_creative=9aetCFF9NH-ceRnjnNBXZg&utm_campaign=yelp_api_v3&utm_medium=api_v3_business_search&utm_source=9aetCFF9NH-ceRnjnNBXZg,293,4.5,$,+14065410246,201 E Front St,,Missoula,59802
The Notorious PIG BBQ,RK1qZo7h4oPNG4bwp-X6oQ,https://www.yelp.com/biz/the-notorious-pig-bbq-missoula-2?adjust_creative=9aetCFF9NH-ceRnjnNBXZg&utm_campaign=yelp_api_v3&utm_medium=api_v3_business_search&utm_source=9aetCFF9NH-ceRnjnNBXZg,563,4.5,$$,+14069261344,247 W Front St,,Missoula,59802
The Camino,k328WQhIxSBNPH-QkcvxnQ,https://www.yelp.com/biz/the-camino-missoula?adjust_creative=9aetCFF9NH-ceRnjnNBXZg&utm_campaign=yelp_api_v3&utm_medium=api_v3_business_search&utm_source=9aetCFF9NH-ceRnjnNBXZg,75,4.0,,+14063171260,125 N Pattee St,,Missoula,59802
Biga Pizza,Ak6Od-ojLVXr2Z2R63DeNg,https://www.yelp.com/biz/biga-pizza-missoula?adjust_creative=9aetCFF9NH-ceRnjnNBXZg&utm_campaign=yelp_api_v3&utm_medium=api_v3_business_search&utm_source=9aetCFF9NH-ceRnjnNBXZg,465,4.5,$$,+14067282579,241 W Main St,,Missoula,59802
FINN,30AyUAhz3fUSpBUUdr7T4g,https://www.yelp.com/biz/finn-missoula-6?adjust_creative=9aetCFF9NH-ceRnjnNBXZg&utm_campaign=yelp_api_v3&utm_medium=api_v3_business_search&utm_source=9aetCFF9NH-ceRnjnNBXZg,41,4.0,$$,+14065424660,100 Madison St,,Missoula,59802
Koh Chang Thai,eMBZMcDajYA7OO5Siibwqw,https://www.yelp.com/biz/koh-chang-thai-missoula?adjust_creative=9aetCFF9NH-ceRnjnNBXZg&utm_campaign=yelp_api_v3&utm_medium=api_v3_business_search&utm_source=9aetCFF9NH-ceRnjnNBXZg,65,4.0,$$,+14068303451,3075 N Reserve St,Ste k,Missoula,59808
Pangea Bar,UD2sUv421vG_0vlG7pNCRQ,https://www.yelp.com/biz/pangea-bar-missoula?adjust_creative=9aetCFF9NH-ceRnjnNBXZg&utm_campaign=yelp_api_v3&utm_medium=api_v3_business_search&utm_source=9aetCFF9NH-ceRnjnNBXZg,54,4.0,,+14064931190,223 N Higgins,,Missoula,59802
The Trough,fqIYC7BIVIeZahiDpdZhZg,https://www.yelp.com/biz/the-trough-missoula?adjust_creative=9aetCFF9NH-ceRnjnNBXZg&utm_campaign=yelp_api_v3&utm_medium=api_v3_business_search&utm_source=9aetCFF9NH-ceRnjnNBXZg,66,4.5,$$,+14067213322,2106 Clements Rd,,Missoula,59804
Stave & Hoop,fK8SaNpUdXIooZ_fGkf72Q,https://www.yelp.com/biz/stave-and-hoop-missoula-2?adjust_creative=9aetCFF9NH-ceRnjnNBXZg&utm_campaign=yelp_api_v3&utm_medium=api_v3_business_search&utm_source=9aetCFF9NH-ceRnjnNBXZg,11,4.0,,+14064930282,223 N Higgins,,Missoula,59802
Soup Farm,ZnbJwoT5Q_MTzrNxFeiIfQ,https://www.yelp.com/biz/soup-farm-missoula?adjust_creative=9aetCFF9NH-ceRnjnNBXZg&utm_campaign=yelp_api_v3&utm_medium=api_v3_business_search&utm_source=9aetCFF9NH-ceRnjnNBXZg,16,5.0,,,901 N Orange St,,Missoula,59802
Conflux Brewing Company,ZZarkmmTinyUMzfeKcsYCA,https://www.yelp.com/biz/conflux-brewing-company-missoula?adjust_creative=9aetCFF9NH-ceRnjnNBXZg&utm_campaign=yelp_api_v3&utm_medium=api_v3_business_search&utm_source=9aetCFF9NH-ceRnjnNBXZg,139,4.0,$$,+14069263589,210 N Pattee St,,Missoula,59802
Pho Vi,6hr69BWsDOpDYluEnsEufQ,https://www.yelp.com/biz/pho-vi-missoula?adjust_creative=9aetCFF9NH-ceRnjnNBXZg&utm_campaign=yelp_api_v3&utm_medium=api_v3_business_search&utm_source=9aetCFF9NH-ceRnjnNBXZg,11,4.0,,+14065490069,2101 Brooks St,,Missoula,59801
1889,v6LfxlULYK7iZ92vYwX9ow,https://www.yelp.com/biz/1889-missoula?adjust_creative=9aetCFF9NH-ceRnjnNBXZg&utm_campaign=yelp_api_v3&utm_medium=api_v3_business_search&utm_source=9aetCFF9NH-ceRnjnNBXZg,67,3.5,,+14065291263,104 N Higgins Ave,,Missoula,59802
Scotty's Table,3zkNlLVniphjGtiep8gH5Q,https://www.yelp.com/biz/scottys-table-missoula?adjust_creative=9aetCFF9NH-ceRnjnNBXZg&utm_campaign=yelp_api_v3&utm_medium=api_v3_business_search&utm_source=9aetCFF9NH-ceRnjnNBXZg,130,4.0,$$$,+14065492790,131 S Higgins Ave,Unit P3,Missoula,59802
Ciao Mambo,r0BuqVxt8lnOviDUga4o8Q,https://www.yelp.com/biz/ciao-mambo-missoula?adjust_creative=9aetCFF9NH-ceRnjnNBXZg&utm_campaign=yelp_api_v3&utm_medium=api_v3_business_search&utm_source=9aetCFF9NH-ceRnjnNBXZg,172,4.0,$$,+14065430377,541 S Higgins Ave,,Missoula,59801
Five on Black,q35NAyRouFu-JD5aYt6T2w,https://www.yelp.com/biz/five-on-black-missoula?adjust_creative=9aetCFF9NH-ceRnjnNBXZg&utm_campaign=yelp_api_v3&utm_medium=api_v3_business_search&utm_source=9aetCFF9NH-ceRnjnNBXZg,370,4.5,$,+14069261860,325 N Higgins Ave,,Missoula,59802
Wally & Buck,V_YUD07N748UGYuh_olmzg,https://www.yelp.com/biz/wally-and-buck-missoula?adjust_creative=9aetCFF9NH-ceRnjnNBXZg&utm_campaign=yelp_api_v3&utm_medium=api_v3_business_search&utm_source=9aetCFF9NH-ceRnjnNBXZg,53,4.5,,+14065498157,319 E Front St,,Missoula,59802
Depot Bar & Restaurant,3lWCWqcAnI1LGGZgx-aXgg,https://www.yelp.com/biz/depot-bar-and-restaurant-missoula?adjust_creative=9aetCFF9NH-ceRnjnNBXZg&utm_campaign=yelp_api_v3&utm_medium=api_v3_business_search&utm_source=9aetCFF9NH-ceRnjnNBXZg,136,4.0,$$,+14067287007,201 Railroad St W,,Missoula,59802
Bayern Brewing,SRGyR5qWJmJkoh3DNGUqDQ,https://www.yelp.com/biz/bayern-brewing-missoula?adjust_creative=9aetCFF9NH-ceRnjnNBXZg&utm_campaign=yelp_api_v3&utm_medium=api_v3_business_search&utm_source=9aetCFF9NH-ceRnjnNBXZg,88,4.5,$$,+14067211482,1507 Montana St,,Missoula,59801
Michi Ramen Bar,pIcIbcRpYF7U-ujS2WXYog,https://www.yelp.com/biz/michi-ramen-bar-missoula?adjust_creative=9aetCFF9NH-ceRnjnNBXZg&utm_campaign=yelp_api_v3&utm_medium=api_v3_business_search&utm_source=9aetCFF9NH-ceRnjnNBXZg,98,3.5,,+14069261186,137 W Front St,,Missoula,59802
Masala,-P6lw7D8gzt0of6JyYPYtg,https://www.yelp.com/biz/masala-missoula-2?adjust_creative=9aetCFF9NH-ceRnjnNBXZg&utm_campaign=yelp_api_v3&utm_medium=api_v3_business_search&utm_source=9aetCFF9NH-ceRnjnNBXZg,96,4.0,$$,+14069266444,206 W Main St,,Missoula,59802
Cambie Taphouse + Coffee,QdXwp77UbdyRMrioEu-rtg,https://www.yelp.com/biz/cambie-taphouse-coffee-missoula-3?adjust_creative=9aetCFF9NH-ceRnjnNBXZg&utm_campaign=yelp_api_v3&utm_medium=api_v3_business_search&utm_source=9aetCFF9NH-ceRnjnNBXZg,35,4.5,,+14063171268,2413 S Higgins Ave,,Missoula,59801
Tagliare Delicatessen,C-zmOzbCKj4P2juwI7DdXg,https://www.yelp.com/biz/tagliare-delicatessen-missoula?adjust_creative=9aetCFF9NH-ceRnjnNBXZg&utm_campaign=yelp_api_v3&utm_medium=api_v3_business_search&utm_source=9aetCFF9NH-ceRnjnNBXZg,151,4.5,$$,+14068303049,1433 S Higgins Ave,,Missoula,59801
Burns St Bistro,eOei9DyKjYtyt9XwwLXHCw,https://www.yelp.com/biz/burns-st-bistro-missoula?adjust_creative=9aetCFF9NH-ceRnjnNBXZg&utm_campaign=yelp_api_v3&utm_medium=api_v3_business_search&utm_source=9aetCFF9NH-ceRnjnNBXZg,174,4.5,$,+14065430719,1500 Burns St,,Missoula,59802
Highlander Beer,hdYNscKAIPYAnoP0PcSo5w,https://www.yelp.com/biz/highlander-beer-missoula?adjust_creative=9aetCFF9NH-ceRnjnNBXZg&utm_campaign=yelp_api_v3&utm_medium=api_v3_business_search&utm_source=9aetCFF9NH-ceRnjnNBXZg,122,4.5,$,+14065498193,200 International Dr,,Missoula,59808
Basal,cdqr9D6uJ73fiTQbF2JaEA,https://www.yelp.com/biz/basal-missoula?adjust_creative=9aetCFF9NH-ceRnjnNBXZg&utm_campaign=yelp_api_v3&utm_medium=api_v3_business_search&utm_source=9aetCFF9NH-ceRnjnNBXZg,42,4.5,$$,+14065404098,114 N Higgins Ave,,Missoula,59802
Dobi’s Teriyaki,3TQ6VtlE1VuN5wyTnFLRoQ,https://www.yelp.com/biz/dobi-s-teriyaki-missoula-3?adjust_creative=9aetCFF9NH-ceRnjnNBXZg&utm_campaign=yelp_api_v3&utm_medium=api_v3_business_search&utm_source=9aetCFF9NH-ceRnjnNBXZg,40,4.5,,+14069261661,123 W Front St,,Missoula,59802
The Empanada Joint,CS6jGNfKKw9SBgeEvdZpPQ,https://www.yelp.com/biz/the-empanada-joint-missoula?adjust_creative=9aetCFF9NH-ceRnjnNBXZg&utm_campaign=yelp_api_v3&utm_medium=api_v3_business_search&utm_source=9aetCFF9NH-ceRnjnNBXZg,59,4.5,$,+14069261120,123 E Main St,,Missoula,59802
Golden Yolk Griddle,qNuT0YFdh0SjwORAR6hz-g,https://www.yelp.com/biz/golden-yolk-griddle-missoula?adjust_creative=9aetCFF9NH-ceRnjnNBXZg&utm_campaign=yelp_api_v3&utm_medium=api_v3_business_search&utm_source=9aetCFF9NH-ceRnjnNBXZg,6,4.0,,+14069261145,200 W Pine St,,Missoula,59802
James Bar,2I-mgQaOGctjFq1KvRyDww,https://www.yelp.com/biz/james-bar-missoula?adjust_creative=9aetCFF9NH-ceRnjnNBXZg&utm_campaign=yelp_api_v3&utm_medium=api_v3_business_search&utm_source=9aetCFF9NH-ceRnjnNBXZg,138,4.0,$$,+14067218158,127 W Alder St,,Missoula,59802
Locals Only,tKFekQt0Sh9-aFTYhUFb1w,https://www.yelp.com/biz/locals-only-missoula?adjust_creative=9aetCFF9NH-ceRnjnNBXZg&utm_campaign=yelp_api_v3&utm_medium=api_v3_business_search&utm_source=9aetCFF9NH-ceRnjnNBXZg,10,4.0,,+14065430646,149 W Broadway St,,Missoula,59802
Kobe Seafood & Steak,v9V4LPuK3g4LcbQ5DT6z_A,https://www.yelp.com/biz/kobe-seafood-and-steak-missoula?adjust_creative=9aetCFF9NH-ceRnjnNBXZg&utm_campaign=yelp_api_v3&utm_medium=api_v3_business_search&utm_source=9aetCFF9NH-ceRnjnNBXZg,105,3.5,$$,+14065404480,3331 N Reserve St,,Missoula,59808
The Still Room,9ciJFzu_msNFKuiV9H1z_g,https://www.yelp.com/biz/the-still-room-missoula-2?adjust_creative=9aetCFF9NH-ceRnjnNBXZg&utm_campaign=yelp_api_v3&utm_medium=api_v3_business_search&utm_source=9aetCFF9NH-ceRnjnNBXZg,18,3.5,,+14065435678,1609 W Broadway St,,Missoula,59808
The Thomas Meagher Bar,IQwS_6ua_WPt1Y9ZaZkh6g,https://www.yelp.com/biz/the-thomas-meagher-bar-missoula?adjust_creative=9aetCFF9NH-ceRnjnNBXZg&utm_campaign=yelp_api_v3&utm_medium=api_v3_business_search&utm_source=9aetCFF9NH-ceRnjnNBXZg,111,4.0,$$,+14065404402,130 W Pine,,Missoula,59801
The Montana Club Restaurant,FRqFv7waQU_EARK3LFu0oA,https://www.yelp.com/biz/the-montana-club-restaurant-missoula-3?adjust_creative=9aetCFF9NH-ceRnjnNBXZg&utm_campaign=yelp_api_v3&utm_medium=api_v3_business_search&utm_source=9aetCFF9NH-ceRnjnNBXZg,236,3.5,$$,+14065418141,4561 N Reserve St,,Missoula,59808
The Keep Restaurant,VzAzlKXb8M7gEcCqTcrdaA,https://www.yelp.com/biz/the-keep-restaurant-missoula?adjust_creative=9aetCFF9NH-ceRnjnNBXZg&utm_campaign=yelp_api_v3&utm_medium=api_v3_business_search&utm_source=9aetCFF9NH-ceRnjnNBXZg,59,4.0,$$$,+14067285132,102 Ben Hogan Dr,,Missoula,59803
Iron Horse Bar & Grill,QH5In1UFaod1EYo69fyUlw,https://www.yelp.com/biz/iron-horse-bar-and-grill-missoula?adjust_creative=9aetCFF9NH-ceRnjnNBXZg&utm_campaign=yelp_api_v3&utm_medium=api_v3_business_search&utm_source=9aetCFF9NH-ceRnjnNBXZg,257,3.5,$$,+14067288866,501 N Higgins Ave,,Missoula,59802
Headies Brick Oven Pizza of Montana,ylu_4Mc_dF-JhILlQW_6KQ,https://www.yelp.com/biz/headies-brick-oven-pizza-of-montana-missoula?adjust_creative=9aetCFF9NH-ceRnjnNBXZg&utm_campaign=yelp_api_v3&utm_medium=api_v3_business_search&utm_source=9aetCFF9NH-ceRnjnNBXZg,18,4.5,,+14065404431,1250 W Broadway St,,Missoula,59802
Double Front Cafe,sbc4i3HciexKwxWnLHly-w,https://www.yelp.com/biz/double-front-cafe-missoula?adjust_creative=9aetCFF9NH-ceRnjnNBXZg&utm_campaign=yelp_api_v3&utm_medium=api_v3_business_search&utm_source=9aetCFF9NH-ceRnjnNBXZg,109,4.0,$$,+14065436264,122 W Alder St,,Missoula,59802
Dinosaur Cafe,2VIYdgXBzDbysF1Ecdthsw,https://www.yelp.com/biz/dinosaur-cafe-missoula?adjust_creative=9aetCFF9NH-ceRnjnNBXZg&utm_campaign=yelp_api_v3&utm_medium=api_v3_business_search&utm_source=9aetCFF9NH-ceRnjnNBXZg,57,4.0,$,+14067213808,428 N Higgins Ave,,Missoula,59802
Missoula Club,UIsYaSrxGWEHqk4cE0jCRA,https://www.yelp.com/biz/missoula-club-missoula-2?adjust_creative=9aetCFF9NH-ceRnjnNBXZg&utm_campaign=yelp_api_v3&utm_medium=api_v3_business_search&utm_source=9aetCFF9NH-ceRnjnNBXZg,73,4.5,$,+14067283740,139 W Main St,,Missoula,59802
Veera Donuts,ysG15miz0pq1s930gviFcA,https://www.yelp.com/biz/veera-donuts-missoula-2?adjust_creative=9aetCFF9NH-ceRnjnNBXZg&utm_campaign=yelp_api_v3&utm_medium=api_v3_business_search&utm_source=9aetCFF9NH-ceRnjnNBXZg,80,4.5,,+14063171109,617 S Higgins,Ste 2,Missoula,59801
Old Chicago,iwfSGIPR_uXpVu2xLXXX7A,https://www.yelp.com/biz/old-chicago-missoula-2?adjust_creative=9aetCFF9NH-ceRnjnNBXZg&utm_campaign=yelp_api_v3&utm_medium=api_v3_business_search&utm_source=9aetCFF9NH-ceRnjnNBXZg,78,3.5,,+14069261155,3630 N Reserve,,Missoula,59808
Pie Hole,hZXkeGSA_VF8zTn1VdwHnQ,https://www.yelp.com/biz/pie-hole-missoula?adjust_creative=9aetCFF9NH-ceRnjnNBXZg&utm_campaign=yelp_api_v3&utm_medium=api_v3_business_search&utm_source=9aetCFF9NH-ceRnjnNBXZg,96,4.0,$,+14069262233,525 N Higgins Ave,,Missoula,59802
The Old Post,0aUZL9Qmzd1DOmRjhUF9oQ,https://www.yelp.com/biz/the-old-post-missoula-2?adjust_creative=9aetCFF9NH-ceRnjnNBXZg&utm_campaign=yelp_api_v3&utm_medium=api_v3_business_search&utm_source=9aetCFF9NH-ceRnjnNBXZg,8,3.5,,+14065404433,103 W Spruce,,Missoula,59802
Mexican Moose,KXJVD42Teh8QlaolZNxJ0w,https://www.yelp.com/biz/mexican-moose-missoula?adjust_creative=9aetCFF9NH-ceRnjnNBXZg&utm_campaign=yelp_api_v3&utm_medium=api_v3_business_search&utm_source=9aetCFF9NH-ceRnjnNBXZg,1,4.0,,+14068806780,3010 S Reserve St,,Missoula,59801
Iron Griz American Bistro,vmLfkNLwMPQ-0iXJ4QlDMQ,https://www.yelp.com/biz/iron-griz-american-bistro-missoula?adjust_creative=9aetCFF9NH-ceRnjnNBXZg&utm_campaign=yelp_api_v3&utm_medium=api_v3_business_search&utm_source=9aetCFF9NH-ceRnjnNBXZg,27,4.0,$,+14067285106,515 South Ave E,,Missoula,59801
Saketome,CjN7-GmfNVQ7m0pkknQVHw,https://www.yelp.com/biz/saketome-missoula-2?adjust_creative=9aetCFF9NH-ceRnjnNBXZg&utm_campaign=yelp_api_v3&utm_medium=api_v3_business_search&utm_source=9aetCFF9NH-ceRnjnNBXZg,64,3.5,$$$,+14069262555,137 W Front St,,Missoula,59802
Catalyst Cafe & Espresso,BRs7-Ekt7xtCnjLO6mhXSQ,https://www.yelp.com/biz/catalyst-cafe-and-espresso-missoula?adjust_creative=9aetCFF9NH-ceRnjnNBXZg&utm_campaign=yelp_api_v3&utm_medium=api_v3_business_search&utm_source=9aetCFF9NH-ceRnjnNBXZg,274,4.5,$$,+14065421337,111 N Higgins Ave,,Missoula,59802
Taqueria Montana,I6SxQnHa7pI6Zu72lHBL8g,https://www.yelp.com/biz/taqueria-montana-missoula?adjust_creative=9aetCFF9NH-ceRnjnNBXZg&utm_campaign=yelp_api_v3&utm_medium=api_v3_business_search&utm_source=9aetCFF9NH-ceRnjnNBXZg,29,4.0,,+14069261388,4055 Brooks St,Ste B,Missoula,59804
Firehouse Subs,XbQfCVCqqjP_8gVKtA6Ryg,https://www.yelp.com/biz/firehouse-subs-missoula?adjust_creative=9aetCFF9NH-ceRnjnNBXZg&utm_campaign=yelp_api_v3&utm_medium=api_v3_business_search&utm_source=9aetCFF9NH-ceRnjnNBXZg,1,4.0,,+14063171698,2845 N Reserve St,,Missoula,59808
El Cazador,maIWtOQHXltyHAq1cTYItg,https://www.yelp.com/biz/el-cazador-missoula?adjust_creative=9aetCFF9NH-ceRnjnNBXZg&utm_campaign=yelp_api_v3&utm_medium=api_v3_business_search&utm_source=9aetCFF9NH-ceRnjnNBXZg,168,3.5,$$,+14067283657,101 S Higgins Ave,,Missoula,59802
The Breakfast Club Missoula,p7tse3mLDLUjeCccIegLWQ,https://www.yelp.com/biz/the-breakfast-club-missoula-missoula?adjust_creative=9aetCFF9NH-ceRnjnNBXZg&utm_campaign=yelp_api_v3&utm_medium=api_v3_business_search&utm_source=9aetCFF9NH-ceRnjnNBXZg,40,4.5,,+14069261240,1132 SW Higgins Ave,Ste 200,Missoula,59803
Front Street Pizza,Ftdkhg0NwHSmyM_59VBPyA,https://www.yelp.com/biz/front-street-pizza-missoula?adjust_creative=9aetCFF9NH-ceRnjnNBXZg&utm_campaign=yelp_api_v3&utm_medium=api_v3_business_search&utm_source=9aetCFF9NH-ceRnjnNBXZg,17,4.5,,+14063034660,315 E Front St,,Missoula,59802
Sean Kelly's Stone of Accord,tKsuIj2h_TzOeoGI-vig9A,https://www.yelp.com/biz/sean-kellys-stone-of-accord-missoula?adjust_creative=9aetCFF9NH-ceRnjnNBXZg&utm_campaign=yelp_api_v3&utm_medium=api_v3_business_search&utm_source=9aetCFF9NH-ceRnjnNBXZg,130,3.5,$$,+14068303210,4951 N Reserve St,,Missoula,59808
Greek Pastry Shop - #1 Gyros,g8OzY4DjU5ATlDKXKeoRvA,https://www.yelp.com/biz/greek-pastry-shop-1-gyros-missoula?adjust_creative=9aetCFF9NH-ceRnjnNBXZg&utm_campaign=yelp_api_v3&utm_medium=api_v3_business_search&utm_source=9aetCFF9NH-ceRnjnNBXZg,167,4.5,$,+14065436843,520 S 5th St W,,Missoula,59801
Bridge Pizza,yjcW57R9ShgUrF1jAAIKJA,https://www.yelp.com/biz/bridge-pizza-missoula?adjust_creative=9aetCFF9NH-ceRnjnNBXZg&utm_campaign=yelp_api_v3&utm_medium=api_v3_business_search&utm_source=9aetCFF9NH-ceRnjnNBXZg,166,4.0,$,+14065420002,600 S Higgins Ave,,Missoula,59801
Rattlesnake Market And Cafe,CGfy-lqbGU1DB71Ze3zf9w,https://www.yelp.com/biz/rattlesnake-market-and-cafe-missoula?adjust_creative=9aetCFF9NH-ceRnjnNBXZg&utm_campaign=yelp_api_v3&utm_medium=api_v3_business_search&utm_source=9aetCFF9NH-ceRnjnNBXZg,23,4.5,$$,+14069263202,2501 Rattlesnake Dr,,Missoula,59802
Ambrosia,4n1rZS9B0XhT8RatJv8ffQ,https://www.yelp.com/biz/ambrosia-missoula?adjust_creative=9aetCFF9NH-ceRnjnNBXZg&utm_campaign=yelp_api_v3&utm_medium=api_v3_business_search&utm_source=9aetCFF9NH-ceRnjnNBXZg,34,4.0,$,+14065427072,2230 N Reserve St,,Missoula,59808
River City Grill,pwD46mNcJZxtdaIZEZ7xRA,https://www.yelp.com/biz/river-city-grill-missoula?adjust_creative=9aetCFF9NH-ceRnjnNBXZg&utm_campaign=yelp_api_v3&utm_medium=api_v3_business_search&utm_source=9aetCFF9NH-ceRnjnNBXZg,65,4.5,$$,+14062582758,7985 Hwy 200 E,,Missoula,59802
The Shack,M-syA2ReZQ4k_I50nkz_PA,https://www.yelp.com/biz/the-shack-missoula?adjust_creative=9aetCFF9NH-ceRnjnNBXZg&utm_campaign=yelp_api_v3&utm_medium=api_v3_business_search&utm_source=9aetCFF9NH-ceRnjnNBXZg,149,3.5,$$,+14065499903,222 W Main St,,Missoula,59802
Ty Green Sushi Bar,BL01Xi83PLMMEXZMcjcScw,https://www.yelp.com/biz/ty-green-sushi-bar-missoula-2?adjust_creative=9aetCFF9NH-ceRnjnNBXZg&utm_campaign=yelp_api_v3&utm_medium=api_v3_business_search&utm_source=9aetCFF9NH-ceRnjnNBXZg,6,3.0,$,+14067281116,2230 N Reserve St,,Missoula,59808
MacKenzie River Pizza Co.,kvRDTpoKHrxIT9Rn6W-jQw,https://www.yelp.com/biz/mackenzie-river-pizza-co-missoula-3?adjust_creative=9aetCFF9NH-ceRnjnNBXZg&utm_campaign=yelp_api_v3&utm_medium=api_v3_business_search&utm_source=9aetCFF9NH-ceRnjnNBXZg,157,3.0,$$,+14067210099,5210 Grant Creek Rd,,Missoula,59808
Paul's Pancake Parlor,NCmEVbYJoRoKPsCB9McNDw,https://www.yelp.com/biz/pauls-pancake-parlor-missoula?adjust_creative=9aetCFF9NH-ceRnjnNBXZg&utm_campaign=yelp_api_v3&utm_medium=api_v3_business_search&utm_source=9aetCFF9NH-ceRnjnNBXZg,237,4.0,$$,+14067289071,2305 Brooks St,,Missoula,59801
China Garden Restaurant,5ogMaDNq_sg5yXnsvKhAWw,https://www.yelp.com/biz/china-garden-restaurant-missoula?adjust_creative=9aetCFF9NH-ceRnjnNBXZg&utm_campaign=yelp_api_v3&utm_medium=api_v3_business_search&utm_source=9aetCFF9NH-ceRnjnNBXZg,82,3.5,$$,+14067211795,2100 Stephens Ave,,Missoula,59801
Taco Sano on the Hip Strip,dwQdoGa2hjV9iUTVfzNedw,https://www.yelp.com/biz/taco-sano-on-the-hip-strip-missoula?adjust_creative=9aetCFF9NH-ceRnjnNBXZg&utm_campaign=yelp_api_v3&utm_medium=api_v3_business_search&utm_source=9aetCFF9NH-ceRnjnNBXZg,74,3.5,$,+14065417570,115 1/2 St 4th W,,Missoula,59801
Sa Wad Dee,WKgIOms_E62-YlG4aWayjA,https://www.yelp.com/biz/sa-wad-dee-missoula?adjust_creative=9aetCFF9NH-ceRnjnNBXZg&utm_campaign=yelp_api_v3&utm_medium=api_v3_business_search&utm_source=9aetCFF9NH-ceRnjnNBXZg,75,3.5,$$,+14065439966,221 W Broadway St,,Missoula,59802
El Diablo,qDlv5zvH6gd4Tyr9g7b9sw,https://www.yelp.com/biz/el-diablo-missoula?adjust_creative=9aetCFF9NH-ceRnjnNBXZg&utm_campaign=yelp_api_v3&utm_medium=api_v3_business_search&utm_source=9aetCFF9NH-ceRnjnNBXZg,73,4.0,$,+14067289529,1429 S Higgins Ave,,Missoula,59801
The Notorious P.I.G.,rBp-dFH_J8PpUedv4zGtKg,https://www.yelp.com/biz/the-notorious-p-i-g-missoula?adjust_creative=9aetCFF9NH-ceRnjnNBXZg&utm_campaign=yelp_api_v3&utm_medium=api_v3_business_search&utm_source=9aetCFF9NH-ceRnjnNBXZg,32,4.0,,+14069261461,3621 Old US 93,,Missoula,59804
Cambie Taphouse + Coffee Sawmill District,2YDRlqyiBSQJt6aZDVzdBw,https://www.yelp.com/biz/cambie-taphouse-coffee-sawmill-district-missoula?adjust_creative=9aetCFF9NH-ceRnjnNBXZg&utm_campaign=yelp_api_v3&utm_medium=api_v3_business_search&utm_source=9aetCFF9NH-ceRnjnNBXZg,1,3.0,,,945 Wyoming St,,Missoula,59801
Green Source,1qfeRiL_Fbs7LL-o-ovtSg,https://www.yelp.com/biz/green-source-missoula?adjust_creative=9aetCFF9NH-ceRnjnNBXZg&utm_campaign=yelp_api_v3&utm_medium=api_v3_business_search&utm_source=9aetCFF9NH-ceRnjnNBXZg,46,4.0,$,+14062395272,617 S Higgins Ave,Ste A,Missoula,59801
Miller Creek Cafe,NRMMRGNEWfcpp3h9-zn0Wg,https://www.yelp.com/biz/miller-creek-cafe-missoula?adjust_creative=9aetCFF9NH-ceRnjnNBXZg&utm_campaign=yelp_api_v3&utm_medium=api_v3_business_search&utm_source=9aetCFF9NH-ceRnjnNBXZg,65,4.5,$,+14062513656,4915 Lower Miller Creek Rd,,Missoula,59803
Hunter Bay Coffee,xsNcKe_2G-H_LihvC0M0MA,https://www.yelp.com/biz/hunter-bay-coffee-missoula?adjust_creative=9aetCFF9NH-ceRnjnNBXZg&utm_campaign=yelp_api_v3&utm_medium=api_v3_business_search&utm_source=9aetCFF9NH-ceRnjnNBXZg,5,4.0,,+14069261116,812 Toole Ave,,Missoula,59802
The Old Post,XPoMEnRnDSGyjHal28oUBw,https://www.yelp.com/biz/the-old-post-missoula?adjust_creative=9aetCFF9NH-ceRnjnNBXZg&utm_campaign=yelp_api_v3&utm_medium=api_v3_business_search&utm_source=9aetCFF9NH-ceRnjnNBXZg,89,3.5,$$,,103 W Spruce St,,Missoula,59802
Vietnam Noodle Restaurant,YwDW3meaJyM6JT_G49i41Q,https://www.yelp.com/biz/vietnam-noodle-restaurant-missoula?adjust_creative=9aetCFF9NH-ceRnjnNBXZg&utm_campaign=yelp_api_v3&utm_medium=api_v3_business_search&utm_source=9aetCFF9NH-ceRnjnNBXZg,91,3.5,$,+14065428299,2100 Stephens Ave,Ste 103,Missoula,59801
Liquid Planet Grille,SQPQEH-i62QvbRv2A27s-A,https://www.yelp.com/biz/liquid-planet-grille-missoula-2?adjust_creative=9aetCFF9NH-ceRnjnNBXZg&utm_campaign=yelp_api_v3&utm_medium=api_v3_business_search&utm_source=9aetCFF9NH-ceRnjnNBXZg,37,4.0,$,+14065404209,1025 Arthur Ave,,Missoula,59801
Montana Jack's,UI2EN1Bz_6efoeh0WydsWQ,https://www.yelp.com/biz/montana-jacks-missoula?adjust_creative=9aetCFF9NH-ceRnjnNBXZg&utm_campaign=yelp_api_v3&utm_medium=api_v3_business_search&utm_source=9aetCFF9NH-ceRnjnNBXZg,15,3.5,$,+14065413939,2021 South Ave W,,Missoula,59801
Mmmm...Waffles,hAjtbUyC3ph6zK_bHTto_A,https://www.yelp.com/biz/mmmm-waffles-missoula-2?adjust_creative=9aetCFF9NH-ceRnjnNBXZg&utm_campaign=yelp_api_v3&utm_medium=api_v3_business_search&utm_source=9aetCFF9NH-ceRnjnNBXZg,7,4.5,,,Clark Fork River Farmers Market,,Missoula,59801
Outback Steakhouse,tL_GVWv5hWxlh9WC4F63Ww,https://www.yelp.com/biz/outback-steakhouse-missoula?adjust_creative=9aetCFF9NH-ceRnjnNBXZg&utm_campaign=yelp_api_v3&utm_medium=api_v3_business_search&utm_source=9aetCFF9NH-ceRnjnNBXZg,58,3.5,$$,+14063276900,2415 N Reserve,,Missoula,59808
Black Cat Bake Shop,MQSRmV2mfhYac54e-1S5uQ,https://www.yelp.com/biz/black-cat-bake-shop-missoula?adjust_creative=9aetCFF9NH-ceRnjnNBXZg&utm_campaign=yelp_api_v3&utm_medium=api_v3_business_search&utm_source=9aetCFF9NH-ceRnjnNBXZg,90,4.0,$,+14065429043,2000 W Broadway Ave,,Missoula,59808
Fiesta En Jalisco,teZcMMuk5A2uGI1d61_OFw,https://www.yelp.com/biz/fiesta-en-jalisco-missoula?adjust_creative=9aetCFF9NH-ceRnjnNBXZg&utm_campaign=yelp_api_v3&utm_medium=api_v3_business_search&utm_source=9aetCFF9NH-ceRnjnNBXZg,58,3.5,$$,+14065437775,4880 N Reserve St,,Missoula,59808
Five On Black,HUt-HMiJLxzGbJU_6X7fXQ,https://www.yelp.com/biz/five-on-black-missoula-2?adjust_creative=9aetCFF9NH-ceRnjnNBXZg&utm_campaign=yelp_api_v3&utm_medium=api_v3_business_search&utm_source=9aetCFF9NH-ceRnjnNBXZg,44,4.0,$,+14069261305,3850 S Reserve St,Ste 140,Missoula,59801
Frugals,IvlnnI0ntjBsk_EyRyBdCw,https://www.yelp.com/biz/frugals-missoula-2?adjust_creative=9aetCFF9NH-ceRnjnNBXZg&utm_campaign=yelp_api_v3&utm_medium=api_v3_business_search&utm_source=9aetCFF9NH-ceRnjnNBXZg,32,3.0,,+14068303131,2515 Brooks St,,Missoula,59801
Clyde Coffee,ekY7YfPr2jjF6vrK9D9RhA,https://www.yelp.com/biz/clyde-coffee-missoula?adjust_creative=9aetCFF9NH-ceRnjnNBXZg&utm_campaign=yelp_api_v3&utm_medium=api_v3_business_search&utm_source=9aetCFF9NH-ceRnjnNBXZg,71,4.5,$,+14065404481,741 S Higgins,Unit A,Missoula,59801
Laughing Grizzly Bar & Grill - Casino,Ymy_H-EPNegP3ibWmc7mVA,https://www.yelp.com/biz/laughing-grizzly-bar-and-grill-casino-missoula-2?adjust_creative=9aetCFF9NH-ceRnjnNBXZg&utm_campaign=yelp_api_v3&utm_medium=api_v3_business_search&utm_source=9aetCFF9NH-ceRnjnNBXZg,99,3.0,$$,+14069263375,2300 W Broadway,,Missoula,59808
sushi palace in southgate mall,8LYB_cE_TG1RTFsrFBwJ1g,https://www.yelp.com/biz/sushi-palace-in-southgate-mall-missoula?adjust_creative=9aetCFF9NH-ceRnjnNBXZg&utm_campaign=yelp_api_v3&utm_medium=api_v3_business_search&utm_source=9aetCFF9NH-ceRnjnNBXZg,13,4.5,,+14068302105,2901 Brooks St,Ste C-2,Missoula,59801
Romeo's Italian Kitchen,HHCFokAAc7Kmkm8-9nl8_A,https://www.yelp.com/biz/romeos-italian-kitchen-missoula?adjust_creative=9aetCFF9NH-ceRnjnNBXZg&utm_campaign=yelp_api_v3&utm_medium=api_v3_business_search&utm_source=9aetCFF9NH-ceRnjnNBXZg,48,3.0,$$,+14067211500,919 SW Higgins Ave,,Missoula,59803
HuHot Mongolian Grill,23Bm0rfGRAUNy4EIsa8ktQ,https://www.yelp.com/biz/huhot-mongolian-grill-missoula?adjust_creative=9aetCFF9NH-ceRnjnNBXZg&utm_campaign=yelp_api_v3&utm_medium=api_v3_business_search&utm_source=9aetCFF9NH-ceRnjnNBXZg,89,3.5,$$,+14068298888,3521 Brooks St,,Missoula,59801
Sushi Hana Downtown,w7HZv1Xd_KcvkSdnyP17rw,https://www.yelp.com/biz/sushi-hana-downtown-missoula?adjust_creative=9aetCFF9NH-ceRnjnNBXZg&utm_campaign=yelp_api_v3&utm_medium=api_v3_business_search&utm_source=9aetCFF9NH-ceRnjnNBXZg,97,3.0,$$,+14065497979,403 N Higgins Ave,,Missoula,59802
Famous Dave's Bar-B-Que,48HlQsk0F6vD24htxne_Ug,https://www.yelp.com/biz/famous-daves-bar-b-que-missoula?adjust_creative=9aetCFF9NH-ceRnjnNBXZg&utm_campaign=yelp_api_v3&utm_medium=api_v3_business_search&utm_source=9aetCFF9NH-ceRnjnNBXZg,98,3.5,$$,+14065417427,2915 N Reserve St,,Missoula,59808
Doc's Gourmet Sandwich Express,JQrMo_n5yHG3EkOaUtXHVA,https://www.yelp.com/biz/docs-gourmet-sandwich-express-missoula?adjust_creative=9aetCFF9NH-ceRnjnNBXZg&utm_campaign=yelp_api_v3&utm_medium=api_v3_business_search&utm_source=9aetCFF9NH-ceRnjnNBXZg,52,4.0,$,+14065427414,214 N Higgins Ave,,Missoula,59802
Ruby's Cafe,YkhpMQg2T-Uzucu-RCX-Bg,https://www.yelp.com/biz/rubys-cafe-missoula?adjust_creative=9aetCFF9NH-ceRnjnNBXZg&utm_campaign=yelp_api_v3&utm_medium=api_v3_business_search&utm_source=9aetCFF9NH-ceRnjnNBXZg,56,4.0,$$,+14067289890,2101 Regent St,,Missoula,59801
Noodle Express,FUUIL02XGa6OLwM-Qd66dA,https://www.yelp.com/biz/noodle-express-missoula-2?adjust_creative=9aetCFF9NH-ceRnjnNBXZg&utm_campaign=yelp_api_v3&utm_medium=api_v3_business_search&utm_source=9aetCFF9NH-ceRnjnNBXZg,45,3.0,$,+14065417333,2000 W Broadway,,Missoula,59808
El Cazadore,2gBEn7cOlo4wtpfDmUW6dQ,https://www.yelp.com/biz/el-cazadore-missoula?adjust_creative=9aetCFF9NH-ceRnjnNBXZg&utm_campaign=yelp_api_v3&utm_medium=api_v3_business_search&utm_source=9aetCFF9NH-ceRnjnNBXZg,1,3.0,,+14064931656,2221 S Ave W,,Missoula,59801
Cafe Rio Mexican Grill,tDULREWifrMBgx2HVma0Bg,https://www.yelp.com/biz/cafe-rio-mexican-grill-missoula?adjust_creative=9aetCFF9NH-ceRnjnNBXZg&utm_campaign=yelp_api_v3&utm_medium=api_v3_business_search&utm_source=9aetCFF9NH-ceRnjnNBXZg,78,3.5,$$,+14068295190,2230 N Reserve St,Ste 100,Missoula,59808
Hardtail Cafe,balBoiiuj_Q95zqG6Bn83w,https://www.yelp.com/biz/hardtail-cafe-missoula?adjust_creative=9aetCFF9NH-ceRnjnNBXZg&utm_campaign=yelp_api_v3&utm_medium=api_v3_business_search&utm_source=9aetCFF9NH-ceRnjnNBXZg,6,5.0,,+14068303182,5074 East Harrier Dr,,Missoula,59808
Freddy's Frozen Custard & Steakburgers,q-10xkid1ZQI2B0-m0GK9g,https://www.yelp.com/biz/freddys-frozen-custard-and-steakburgers-missoula?adjust_creative=9aetCFF9NH-ceRnjnNBXZg&utm_campaign=yelp_api_v3&utm_medium=api_v3_business_search&utm_source=9aetCFF9NH-ceRnjnNBXZg,64,3.5,$,+14069261040,4855 N Reserve St,,Missoula,59808
Zoo  Thai,KYmekmaw5D0PkuEywJNwBg,https://www.yelp.com/biz/zoo-thai-missoula-2?adjust_creative=9aetCFF9NH-ceRnjnNBXZg&utm_campaign=yelp_api_v3&utm_medium=api_v3_business_search&utm_source=9aetCFF9NH-ceRnjnNBXZg,2,4.5,,,125 N Pattee St,Ste F,Missoula,59802
Jakers Bar and Grill,LSdPCHQ6srHfduOYnoR8iA,https://www.yelp.com/biz/jakers-bar-and-grill-missoula?adjust_creative=9aetCFF9NH-ceRnjnNBXZg&utm_campaign=yelp_api_v3&utm_medium=api_v3_business_search&utm_source=9aetCFF9NH-ceRnjnNBXZg,124,3.5,$$,+14067211312,3515 Brooks St,,Missoula,59801
Worden's Market Deli,P5RsSe4f0BOVZ095Ja08Sw,https://www.yelp.com/biz/wordens-market-deli-missoula?adjust_creative=9aetCFF9NH-ceRnjnNBXZg&utm_campaign=yelp_api_v3&utm_medium=api_v3_business_search&utm_source=9aetCFF9NH-ceRnjnNBXZg,66,4.0,$,+14065491293,451 N Higgins Ave,,Missoula,59802
"Bridge Pizza, Brooks Street Missoula",BUAN-wZvnewAbfAZKSgSeg,https://www.yelp.com/biz/bridge-pizza-brooks-street-missoula-missoula?adjust_creative=9aetCFF9NH-ceRnjnNBXZg&utm_campaign=yelp_api_v3&utm_medium=api_v3_business_search&utm_source=9aetCFF9NH-ceRnjnNBXZg,14,4.0,,+14065521313,3000 Brooks St,,Missoula,59801
The Ranch Club,2RvyBFMo-LRLnjQsDjWRKQ,https://www.yelp.com/biz/the-ranch-club-missoula?adjust_creative=9aetCFF9NH-ceRnjnNBXZg&utm_campaign=yelp_api_v3&utm_medium=api_v3_business_search&utm_source=9aetCFF9NH-ceRnjnNBXZg,14,3.5,$$,+14065321000,8501 Ranch Club Rd,,Missoula,59808
Good Food Store,UUhBDyrhxrrPi1ggxqDTAQ,https://www.yelp.com/biz/good-food-store-missoula-2?adjust_creative=9aetCFF9NH-ceRnjnNBXZg&utm_campaign=yelp_api_v3&utm_medium=api_v3_business_search&utm_source=9aetCFF9NH-ceRnjnNBXZg,169,4.0,$$,+14065413663,1600 S 3rd St W,,Missoula,59801
The Montana Club Restaurant,DlLPZjM4CdJop5L_rYZy1w,https://www.yelp.com/biz/the-montana-club-restaurant-missoula-2?adjust_creative=9aetCFF9NH-ceRnjnNBXZg&utm_campaign=yelp_api_v3&utm_medium=api_v3_business_search&utm_source=9aetCFF9NH-ceRnjnNBXZg,99,3.0,$$,+14065433200,2620 Brooks St,,Missoula,59801
Cracker Barrel Old Country Store,zZ0Jtg8pOANdNaHqjvW0og,https://www.yelp.com/biz/cracker-barrel-old-country-store-missoula?adjust_creative=9aetCFF9NH-ceRnjnNBXZg&utm_campaign=yelp_api_v3&utm_medium=api_v3_business_search&utm_source=9aetCFF9NH-ceRnjnNBXZg,109,3.5,$$,+14067219820,2929 Expo Pkwy,,Missoula,59808
The Oxford Saloon,og5p84WuLZWN46ficYfqcw,https://www.yelp.com/biz/the-oxford-saloon-missoula?adjust_creative=9aetCFF9NH-ceRnjnNBXZg&utm_campaign=yelp_api_v3&utm_medium=api_v3_business_search&utm_source=9aetCFF9NH-ceRnjnNBXZg,68,3.5,$,+14065490117,337 N Higgins Ave,,Missoula,59802
4Bs,mthXUErBlsh-h8ncS816dA,https://www.yelp.com/biz/4bs-missoula?adjust_creative=9aetCFF9NH-ceRnjnNBXZg&utm_campaign=yelp_api_v3&utm_medium=api_v3_business_search&utm_source=9aetCFF9NH-ceRnjnNBXZg,28,3.0,$$,+14069262364,700 E Broadway St,,Missoula,59802
Ducrey Chocolate Maker,RfZ_E4RcQRhkJDqNsq3Waw,https://www.yelp.com/biz/ducrey-chocolate-maker-missoula?adjust_creative=9aetCFF9NH-ceRnjnNBXZg&utm_campaign=yelp_api_v3&utm_medium=api_v3_business_search&utm_source=9aetCFF9NH-ceRnjnNBXZg,9,4.5,,+14062187396,311 E Front St,,Missoula,59802
Panda Express,e3VoOehuOytDagCCSprFCA,https://www.yelp.com/biz/panda-express-missoula?adjust_creative=9aetCFF9NH-ceRnjnNBXZg&utm_campaign=yelp_api_v3&utm_medium=api_v3_business_search&utm_source=9aetCFF9NH-ceRnjnNBXZg,44,2.0,$,+14065418799,3918 N. Reserve,,Missoula,59803
China Buffet,V7iE1XD43kMbJYQFLqeTZQ,https://www.yelp.com/biz/china-buffet-missoula?adjust_creative=9aetCFF9NH-ceRnjnNBXZg&utm_campaign=yelp_api_v3&utm_medium=api_v3_business_search&utm_source=9aetCFF9NH-ceRnjnNBXZg,58,3.0,$$,+14068298881,1900 Brooks St,,Missoula,59801
Mustard Seed,88wQxRFcqAeLs6zIITwJ8g,https://www.yelp.com/biz/mustard-seed-missoula-2?adjust_creative=9aetCFF9NH-ceRnjnNBXZg&utm_campaign=yelp_api_v3&utm_medium=api_v3_business_search&utm_source=9aetCFF9NH-ceRnjnNBXZg,136,3.0,$$,+14065427333,2901 Brooks St,,Missoula,59801
Wheat Montana,0kHAVc_LPl3r5oYrZl5d7g,https://www.yelp.com/biz/wheat-montana-missoula?adjust_creative=9aetCFF9NH-ceRnjnNBXZg&utm_campaign=yelp_api_v3&utm_medium=api_v3_business_search&utm_source=9aetCFF9NH-ceRnjnNBXZg,51,3.5,$,+14063270900,2520 S 3rd St W,,Missoula,59804
Hoagieville,AkloSXSLPRG5I1WKZrg4Rg,https://www.yelp.com/biz/hoagieville-missoula-6?adjust_creative=9aetCFF9NH-ceRnjnNBXZg&utm_campaign=yelp_api_v3&utm_medium=api_v3_business_search&utm_source=9aetCFF9NH-ceRnjnNBXZg,23,3.5,$,+14065418031,2405 N Reserve St,,Missoula,59808
Hoagieville Xpress,grQXvMV-AboMMqBtFieZ-g,https://www.yelp.com/biz/hoagieville-xpress-missoula?adjust_creative=9aetCFF9NH-ceRnjnNBXZg&utm_campaign=yelp_api_v3&utm_medium=api_v3_business_search&utm_source=9aetCFF9NH-ceRnjnNBXZg,2,5.0,,,744 E Broadway St,,Missoula,59802
Panera Bread,zAzQM1oodCMoSRAeTgzxUw,https://www.yelp.com/biz/panera-bread-missoula?adjust_creative=9aetCFF9NH-ceRnjnNBXZg&utm_campaign=yelp_api_v3&utm_medium=api_v3_business_search&utm_source=9aetCFF9NH-ceRnjnNBXZg,21,2.5,,+14062035636,2410 N Reserve St,,Missoula,59808
Carlascio's Pizzeria,eYVny4FOIg1Q_90jffrhYA,https://www.yelp.com/biz/carlascios-pizzeria-missoula?adjust_creative=9aetCFF9NH-ceRnjnNBXZg&utm_campaign=yelp_api_v3&utm_medium=api_v3_business_search&utm_source=9aetCFF9NH-ceRnjnNBXZg,4,4.5,,+14068303720,2901 Brooks St,,Missoula,59801
Fiesta En Jalisco,Z9UzkzA9G7NwDYSBzKXwJw,https://www.yelp.com/biz/fiesta-en-jalisco-missoula-2?adjust_creative=9aetCFF9NH-ceRnjnNBXZg&utm_campaign=yelp_api_v3&utm_medium=api_v3_business_search&utm_source=9aetCFF9NH-ceRnjnNBXZg,59,3.5,$$,+14067281323,3701 Brooks St,Ste A,Missoula,59801
Taco Bell,rKOSc4dNbdydLiBv06w8kw,https://www.yelp.com/biz/taco-bell-missoula-3?adjust_creative=9aetCFF9NH-ceRnjnNBXZg&utm_campaign=yelp_api_v3&utm_medium=api_v3_business_search&utm_source=9aetCFF9NH-ceRnjnNBXZg,15,4.0,$,+14067213739,2320 North Reserve,,Missoula,59808
Press Box,SJBWRCU0h7ScqF1bc0fl4A,https://www.yelp.com/biz/press-box-missoula?adjust_creative=9aetCFF9NH-ceRnjnNBXZg&utm_campaign=yelp_api_v3&utm_medium=api_v3_business_search&utm_source=9aetCFF9NH-ceRnjnNBXZg,46,2.5,$$,+14067211212,835 E Broadway St,,Missoula,59802
Chipotle Mexican Grill,KB948Ai3UkS9chOkIz-ZlQ,https://www.yelp.com/biz/chipotle-mexican-grill-missoula?adjust_creative=9aetCFF9NH-ceRnjnNBXZg&utm_campaign=yelp_api_v3&utm_medium=api_v3_business_search&utm_source=9aetCFF9NH-ceRnjnNBXZg,38,3.0,$,+14065498030,2995 N Reserve St,Ste A&B,Missoula,59808
Missoula Fresh Market,gY7-O8SJmDTIlHkmcss5aw,https://www.yelp.com/biz/missoula-fresh-market-missoula?adjust_creative=9aetCFF9NH-ceRnjnNBXZg&utm_campaign=yelp_api_v3&utm_medium=api_v3_business_search&utm_source=9aetCFF9NH-ceRnjnNBXZg,25,2.5,$$,+14067212549,800 W Broadway St,,Missoula,59802
Desperado Sports Tavern,2xYPZJwrzZ94D_kHvNbqEg,https://www.yelp.com/biz/desperado-sports-tavern-missoula?adjust_creative=9aetCFF9NH-ceRnjnNBXZg&utm_campaign=yelp_api_v3&utm_medium=api_v3_business_search&utm_source=9aetCFF9NH-ceRnjnNBXZg,42,3.5,$,+14065499651,3101 S Russell St,,Missoula,59801
Marvin's Bar & Grill,PL4zwq1WNfiZ7yVGp-C3_w,https://www.yelp.com/biz/marvins-bar-and-grill-missoula?adjust_creative=9aetCFF9NH-ceRnjnNBXZg&utm_campaign=yelp_api_v3&utm_medium=api_v3_business_search&utm_source=9aetCFF9NH-ceRnjnNBXZg,13,4.0,$,+14065494368,7995 US Hwy 10 W,,Missoula,59808
Five Guys,L37iGSxk8-1g25npnINU2w,https://www.yelp.com/biz/five-guys-missoula?adjust_creative=9aetCFF9NH-ceRnjnNBXZg&utm_campaign=yelp_api_v3&utm_medium=api_v3_business_search&utm_source=9aetCFF9NH-ceRnjnNBXZg,59,3.5,$,+14068303262,820 E Broadway,,Missoula,59801
MacKenzie River Pizza Co.,M3Ys-a2xsc9VK_srgAB_Ow,https://www.yelp.com/biz/mackenzie-river-pizza-co-missoula-4?adjust_creative=9aetCFF9NH-ceRnjnNBXZg&utm_campaign=yelp_api_v3&utm_medium=api_v3_business_search&utm_source=9aetCFF9NH-ceRnjnNBXZg,30,3.5,$$,+14062513424,3820 S Reserve St,,Missoula,59801
Great Harvest Bread,8QSCLMVk7ocg2fLWou8nwg,https://www.yelp.com/biz/great-harvest-bread-missoula-2?adjust_creative=9aetCFF9NH-ceRnjnNBXZg&utm_campaign=yelp_api_v3&utm_medium=api_v3_business_search&utm_source=9aetCFF9NH-ceRnjnNBXZg,17,4.0,$,+14067284549,1407 S Higgins Ave,,Missoula,59801
Buffalo Wild Wings,rpSfojlyEHg8GGuZAn003w,https://www.yelp.com/biz/buffalo-wild-wings-missoula?adjust_creative=9aetCFF9NH-ceRnjnNBXZg&utm_campaign=yelp_api_v3&utm_medium=api_v3_business_search&utm_source=9aetCFF9NH-ceRnjnNBXZg,57,3.0,$$,+14068299464,2615 Radio Way,,Missoula,59808
River Wok Grill,1dB25hhzyYw-r2v7STd6rg,https://www.yelp.com/biz/river-wok-grill-missoula?adjust_creative=9aetCFF9NH-ceRnjnNBXZg&utm_campaign=yelp_api_v3&utm_medium=api_v3_business_search&utm_source=9aetCFF9NH-ceRnjnNBXZg,26,2.5,$,+14067212673,624 East Broadway St,,Missoula,59802
Claim Jumper Casino Lounge and Restaurant,8OnDfGEUv0-D6Z39MBjvIQ,https://www.yelp.com/biz/claim-jumper-casino-lounge-and-restaurant-missoula?adjust_creative=9aetCFF9NH-ceRnjnNBXZg&utm_campaign=yelp_api_v3&utm_medium=api_v3_business_search&utm_source=9aetCFF9NH-ceRnjnNBXZg,5,4.0,$,+14067280074,3021 Brooks St,,Missoula,59801
Staggering Ox Sandwiches,QoS-xlxPMLYBuCz5vvz26A,https://www.yelp.com/biz/staggering-ox-sandwiches-missoula?adjust_creative=9aetCFF9NH-ceRnjnNBXZg&utm_campaign=yelp_api_v3&utm_medium=api_v3_business_search&utm_source=9aetCFF9NH-ceRnjnNBXZg,77,3.0,$,+14065422206,1220 SW Higgins Ave,,Missoula,59803
Paradise Falls,UpPn1lD_SLky1X46XK1XKA,https://www.yelp.com/biz/paradise-falls-missoula?adjust_creative=9aetCFF9NH-ceRnjnNBXZg&utm_campaign=yelp_api_v3&utm_medium=api_v3_business_search&utm_source=9aetCFF9NH-ceRnjnNBXZg,55,3.0,$$,+14067283228,3621 Brooks St,,Missoula,59801
Taco del Sol,ac7hD4W2Sv7GE2LtJT_liQ,https://www.yelp.com/biz/taco-del-sol-missoula-5?adjust_creative=9aetCFF9NH-ceRnjnNBXZg&utm_campaign=yelp_api_v3&utm_medium=api_v3_business_search&utm_source=9aetCFF9NH-ceRnjnNBXZg,4,4.5,,,2730 S Reserve St,,Missoula,59801
Hog Heaven Espresso,0HqXEbPcoLZOA_QsWy8qTQ,https://www.yelp.com/biz/hog-heaven-espresso-missoula?adjust_creative=9aetCFF9NH-ceRnjnNBXZg&utm_campaign=yelp_api_v3&utm_medium=api_v3_business_search&utm_source=9aetCFF9NH-ceRnjnNBXZg,2,4.5,,+14062415180,5601 E. Harrier Dr.,,Missoula,59808
Taco del Sol,pE-s_NBEnJyEBf60WZhS_A,https://www.yelp.com/biz/taco-del-sol-missoula?adjust_creative=9aetCFF9NH-ceRnjnNBXZg&utm_campaign=yelp_api_v3&utm_medium=api_v3_business_search&utm_source=9aetCFF9NH-ceRnjnNBXZg,57,3.5,$,+14063278929,422 N Higgins Ave,,Missoula,59802
Lighthouse Espresso,8cNO1UgWGPVxo7l7eVE5bg,https://www.yelp.com/biz/lighthouse-espresso-missoula?adjust_creative=9aetCFF9NH-ceRnjnNBXZg&utm_campaign=yelp_api_v3&utm_medium=api_v3_business_search&utm_source=9aetCFF9NH-ceRnjnNBXZg,13,4.0,$,+14065418282,1925 Sherwood St,,Missoula,59808
Wheat Montana,kP6_EvLPFhldJBR887Fwbg,https://www.yelp.com/biz/wheat-montana-missoula-3?adjust_creative=9aetCFF9NH-ceRnjnNBXZg&utm_campaign=yelp_api_v3&utm_medium=api_v3_business_search&utm_source=9aetCFF9NH-ceRnjnNBXZg,36,3.5,$,+14067288182,8800 Truck Stop Rd,,Missoula,59808
The Greek Pastry Shop - #1 Gyros,o25aHuhm4i0QDlnrANEBbQ,https://www.yelp.com/biz/the-greek-pastry-shop-1-gyros-missoula-6?adjust_creative=9aetCFF9NH-ceRnjnNBXZg&utm_campaign=yelp_api_v3&utm_medium=api_v3_business_search&utm_source=9aetCFF9NH-ceRnjnNBXZg,5,4.0,,+14065404343,2901 Brooks St,,Missoula,59801
Acropolis Gyros & Greek Specialties,-o5kPNvQoVqKakB4CeCccQ,https://www.yelp.com/biz/acropolis-gyros-and-greek-specialties-missoula?adjust_creative=9aetCFF9NH-ceRnjnNBXZg&utm_campaign=yelp_api_v3&utm_medium=api_v3_business_search&utm_source=9aetCFF9NH-ceRnjnNBXZg,13,4.0,$,+14067215041,117 South Ave W,,Missoula,59801
Jimmy John's,6HmCb8dy_X1ShYWF4zuq4g,https://www.yelp.com/biz/jimmy-johns-missoula?adjust_creative=9aetCFF9NH-ceRnjnNBXZg&utm_campaign=yelp_api_v3&utm_medium=api_v3_business_search&utm_source=9aetCFF9NH-ceRnjnNBXZg,15,3.0,$,+14065421100,420 N Higgins Ave,,Missoula,59802
Liquid Planet Grille,j3DpxH0U8-n4CCS23ycpeg,https://www.yelp.com/biz/liquid-planet-grille-missoula-3?adjust_creative=9aetCFF9NH-ceRnjnNBXZg&utm_campaign=yelp_api_v3&utm_medium=api_v3_business_search&utm_source=9aetCFF9NH-ceRnjnNBXZg,4,5.0,,+14065292171,100 Consumer Direct Way,,Missoula,59808
MOD Pizza,z9fVtuvI9ld4Zcx_3Sr8_g,https://www.yelp.com/biz/mod-pizza-missoula?adjust_creative=9aetCFF9NH-ceRnjnNBXZg&utm_campaign=yelp_api_v3&utm_medium=api_v3_business_search&utm_source=9aetCFF9NH-ceRnjnNBXZg,39,3.5,$,+14069262770,2775 N Reserve St,,Missoula,59808
Red Robin Gourmet Burgers and Brews,KM2lVQFN8LZxdKyRK6wJyg,https://www.yelp.com/biz/red-robin-gourmet-burgers-and-brews-missoula?adjust_creative=9aetCFF9NH-ceRnjnNBXZg&utm_campaign=yelp_api_v3&utm_medium=api_v3_business_search&utm_source=9aetCFF9NH-ceRnjnNBXZg,52,3.0,$$,+14068303170,2901 Brooks St,,Missoula,59801
Jim Johnson Deli,jIUvTgKrUvKEZVdf77R2Rg,https://www.yelp.com/biz/jim-johnson-deli-missoula?adjust_creative=9aetCFF9NH-ceRnjnNBXZg&utm_campaign=yelp_api_v3&utm_medium=api_v3_business_search&utm_source=9aetCFF9NH-ceRnjnNBXZg,1,5.0,,,225 Kensington Ave,,Missoula,59801
Applebee's Grill + Bar,za7EvBuCKrMuC0NfUwWX9g,https://www.yelp.com/biz/applebees-grill-bar-missoula?adjust_creative=9aetCFF9NH-ceRnjnNBXZg&utm_campaign=yelp_api_v3&utm_medium=api_v3_business_search&utm_source=9aetCFF9NH-ceRnjnNBXZg,32,2.0,$$,+14062514020,4041 Highway 93 S,,Missoula,59801
Howard's Pizza Villa,tvs6GEPmDrv6mphUcilf6Q,https://www.yelp.com/biz/howards-pizza-villa-missoula?adjust_creative=9aetCFF9NH-ceRnjnNBXZg&utm_campaign=yelp_api_v3&utm_medium=api_v3_business_search&utm_source=9aetCFF9NH-ceRnjnNBXZg,41,4.0,$,+14067212011,2010 South Ave W,,Missoula,59801
Sunrise Saloon And Casino,ERprPAFzLy9Kr3GWl8_J6A,https://www.yelp.com/biz/sunrise-saloon-and-casino-missoula?adjust_creative=9aetCFF9NH-ceRnjnNBXZg&utm_campaign=yelp_api_v3&utm_medium=api_v3_business_search&utm_source=9aetCFF9NH-ceRnjnNBXZg,9,3.0,$,+14067281559,1101 Strand Ave,,Missoula,59801
Taco Del Sol,afhRUV9PCkO7TwTuW-6PGg,https://www.yelp.com/biz/taco-del-sol-missoula-4?adjust_creative=9aetCFF9NH-ceRnjnNBXZg&utm_campaign=yelp_api_v3&utm_medium=api_v3_business_search&utm_source=9aetCFF9NH-ceRnjnNBXZg,22,3.5,$,+14065432907,1116 W Cental Ave,,Missoula,59801
Drum Coffee,DCsaDhimGvoeZvh2MfXy5g,https://www.yelp.com/biz/drum-coffee-missoula-2?adjust_creative=9aetCFF9NH-ceRnjnNBXZg&utm_campaign=yelp_api_v3&utm_medium=api_v3_business_search&utm_source=9aetCFF9NH-ceRnjnNBXZg,47,4.5,$,+14067215290,600 South Ave W,,Missoula,59801
Caffe Dolce,rDcwJsGJs0YAOK1qlPCeIg,https://www.yelp.com/biz/caffe-dolce-missoula-4?adjust_creative=9aetCFF9NH-ceRnjnNBXZg&utm_campaign=yelp_api_v3&utm_medium=api_v3_business_search&utm_source=9aetCFF9NH-ceRnjnNBXZg,29,3.0,$$,+14065494914,2901 Brooks St,,Missoula,59801
Taco del Sol,WKm8U_Kqk3T6uFknRsek5A,https://www.yelp.com/biz/taco-del-sol-missoula-2?adjust_creative=9aetCFF9NH-ceRnjnNBXZg&utm_campaign=yelp_api_v3&utm_medium=api_v3_business_search&utm_source=9aetCFF9NH-ceRnjnNBXZg,26,3.5,$,+14065418226,3075 N Reserve St,,Missoula,59808
Wendy's,BOXYFV6qU9OJNgKyuocaEQ,https://www.yelp.com/biz/wendys-missoula-2?adjust_creative=9aetCFF9NH-ceRnjnNBXZg&utm_campaign=yelp_api_v3&utm_medium=api_v3_business_search&utm_source=9aetCFF9NH-ceRnjnNBXZg,12,3.5,$,+14067218988,2720 N. Reserve,,Missoula,59808
Jimmy John's,7GX6_belkhXe5xeb2Zxriw,https://www.yelp.com/biz/jimmy-johns-missoula-3?adjust_creative=9aetCFF9NH-ceRnjnNBXZg&utm_campaign=yelp_api_v3&utm_medium=api_v3_business_search&utm_source=9aetCFF9NH-ceRnjnNBXZg,12,3.5,$,+14065438100,2230 N Reserve St,Ste 420,Missoula,59808
Papa Murphy's,VGNP2EMqHqF3ZibL8z_llQ,https://www.yelp.com/biz/papa-murphys-missoula?adjust_creative=9aetCFF9NH-ceRnjnNBXZg&utm_campaign=yelp_api_v3&utm_medium=api_v3_business_search&utm_source=9aetCFF9NH-ceRnjnNBXZg,6,3.5,$$,+14065416190,1801 South 3rd Street West,,Missoula,59801
Taco John's,U-STpCA4mO9lD4lNysNO3w,https://www.yelp.com/biz/taco-johns-missoula?adjust_creative=9aetCFF9NH-ceRnjnNBXZg&utm_campaign=yelp_api_v3&utm_medium=api_v3_business_search&utm_source=9aetCFF9NH-ceRnjnNBXZg,10,2.5,$,+14065437273,623 W Broadway,,Missoula,59802
Amc Dine in Theater,bYDN6iRgtySeur-D2zcKDg,https://www.yelp.com/biz/amc-dine-in-theater-missoula?adjust_creative=9aetCFF9NH-ceRnjnNBXZg&utm_campaign=yelp_api_v3&utm_medium=api_v3_business_search&utm_source=9aetCFF9NH-ceRnjnNBXZg,22,2.5,,,2901 Brooks St,,Missoula,59801
Hardee's,3x6SgKy_y9cLIRScNMyBEw,https://www.yelp.com/biz/hardees-missoula?adjust_creative=9aetCFF9NH-ceRnjnNBXZg&utm_campaign=yelp_api_v3&utm_medium=api_v3_business_search&utm_source=9aetCFF9NH-ceRnjnNBXZg,7,2.0,,+14067218386,8077 Hwy 10 W,,Missoula,59808
Crossroads,lpGF8554FmH2fJDEBjWsVQ,https://www.yelp.com/biz/crossroads-missoula-2?adjust_creative=9aetCFF9NH-ceRnjnNBXZg&utm_campaign=yelp_api_v3&utm_medium=api_v3_business_search&utm_source=9aetCFF9NH-ceRnjnNBXZg,3,2.5,,+14065417896,8018 Highway 93 N,,Missoula,59801
Noodles,AHUgybwH4gRRFaKp-GeU8g,https://www.yelp.com/biz/noodles-missoula-3?adjust_creative=9aetCFF9NH-ceRnjnNBXZg&utm_campaign=yelp_api_v3&utm_medium=api_v3_business_search&utm_source=9aetCFF9NH-ceRnjnNBXZg,57,3.0,$,+14062519745,3680 Brooks St,,Missoula,59801
Taco Bell,_BvHVmXqSS5OuZa-lK5U9A,https://www.yelp.com/biz/taco-bell-missoula-5?adjust_creative=9aetCFF9NH-ceRnjnNBXZg&utm_campaign=yelp_api_v3&utm_medium=api_v3_business_search&utm_source=9aetCFF9NH-ceRnjnNBXZg,15,3.0,$,+14067286667,651 E Broadway,,Missoula,59802
Canyon River Golf Course,76ewyaY5hyOVTDQeU5JiUQ,https://www.yelp.com/biz/canyon-river-golf-course-missoula?adjust_creative=9aetCFF9NH-ceRnjnNBXZg&utm_campaign=yelp_api_v3&utm_medium=api_v3_business_search&utm_source=9aetCFF9NH-ceRnjnNBXZg,4,4.0,$$$,+14067210222,1268 Bandmann Trl,,Missoula,59801
Denny's,Y2wh8x1l-Y4RdoXRJRifyA,https://www.yelp.com/biz/dennys-missoula?adjust_creative=9aetCFF9NH-ceRnjnNBXZg&utm_campaign=yelp_api_v3&utm_medium=api_v3_business_search&utm_source=9aetCFF9NH-ceRnjnNBXZg,50,2.5,$$,+14068298500,2922 Brooks St,,Missoula,59801
IHOP,zF2F4i0XVypCLVbGcJ8Oew,https://www.yelp.com/biz/ihop-missoula?adjust_creative=9aetCFF9NH-ceRnjnNBXZg&utm_campaign=yelp_api_v3&utm_medium=api_v3_business_search&utm_source=9aetCFF9NH-ceRnjnNBXZg,80,2.0,$,+14065414467,3700 N Reserve St,,Missoula,59808
Popeyes Louisiana Kitchen,TS0vUFxhvT96XZDzbrokTQ,https://www.yelp.com/biz/popeyes-louisiana-kitchen-missoula?adjust_creative=9aetCFF9NH-ceRnjnNBXZg&utm_campaign=yelp_api_v3&utm_medium=api_v3_business_search&utm_source=9aetCFF9NH-ceRnjnNBXZg,60,1.5,$,+14069261096,4750 North Reserve Street,,Missoula,59808
Dairy Queen,SpVkNOzCwj7-iUhTT3XmPQ,https://www.yelp.com/biz/dairy-queen-missoula?adjust_creative=9aetCFF9NH-ceRnjnNBXZg&utm_campaign=yelp_api_v3&utm_medium=api_v3_business_search&utm_source=9aetCFF9NH-ceRnjnNBXZg,7,4.0,$,+14065496075,1735 S Higgins Ave,,Missoula,59801
Brownies-Taco Treat,ASur9fUHbTRuly_Q_wdAkg,https://www.yelp.com/biz/brownies-taco-treat-missoula?adjust_creative=9aetCFF9NH-ceRnjnNBXZg&utm_campaign=yelp_api_v3&utm_medium=api_v3_business_search&utm_source=9aetCFF9NH-ceRnjnNBXZg,23,2.5,$,+14067286800,1800 Bow St,,Missoula,59801
Jedediah's At the Airport,e3ojcToqsadGuI5ATQ6TkQ,https://www.yelp.com/biz/jedediahs-at-the-airport-missoula?adjust_creative=9aetCFF9NH-ceRnjnNBXZg&utm_campaign=yelp_api_v3&utm_medium=api_v3_business_search&utm_source=9aetCFF9NH-ceRnjnNBXZg,22,1.5,$$,+14065490212,5225 W Broadway St,Ste 15,Missoula,59808
Burger King,5QC0o6XA9A76dvemT6P47g,https://www.yelp.com/biz/burger-king-missoula?adjust_creative=9aetCFF9NH-ceRnjnNBXZg&utm_campaign=yelp_api_v3&utm_medium=api_v3_business_search&utm_source=9aetCFF9NH-ceRnjnNBXZg,20,2.0,$,+14065420223,701 East Broadway,,Missoula,59802
The Loose Caboose,hGDgxntjeGOq73t4813Zzw,https://www.yelp.com/biz/the-loose-caboose-missoula?adjust_creative=9aetCFF9NH-ceRnjnNBXZg&utm_campaign=yelp_api_v3&utm_medium=api_v3_business_search&utm_source=9aetCFF9NH-ceRnjnNBXZg,3,4.5,$,+14068298333,6149 Mullan Rd,,Missoula,59808
Silver Slipper Sports Bar & Grill,CBrxXIpSTETycWUB_iZRPA,https://www.yelp.com/biz/silver-slipper-sports-bar-and-grill-missoula?adjust_creative=9aetCFF9NH-ceRnjnNBXZg&utm_campaign=yelp_api_v3&utm_medium=api_v3_business_search&utm_source=9aetCFF9NH-ceRnjnNBXZg,13,3.5,$$,+14062515402,4055 Brooks St,,Missoula,59804
Domino's Pizza,QcD-ROOkPBf996u5x5Xjpg,https://www.yelp.com/biz/dominos-pizza-missoula-2?adjust_creative=9aetCFF9NH-ceRnjnNBXZg&utm_campaign=yelp_api_v3&utm_medium=api_v3_business_search&utm_source=9aetCFF9NH-ceRnjnNBXZg,21,3.5,$,+14069266411,4921 N Reserve St,,Missoula,59808
Country Pride,Oi5AqJkthSzNkJLxw4su8Q,https://www.yelp.com/biz/country-pride-missoula?adjust_creative=9aetCFF9NH-ceRnjnNBXZg&utm_campaign=yelp_api_v3&utm_medium=api_v3_business_search&utm_source=9aetCFF9NH-ceRnjnNBXZg,2,3.0,,+14055492327,8018 US Hwy 93 N,,Missoula,59808
Burger King,UApUmu37G9wuTaY14MEO0A,https://www.yelp.com/biz/burger-king-missoula-2?adjust_creative=9aetCFF9NH-ceRnjnNBXZg&utm_campaign=yelp_api_v3&utm_medium=api_v3_business_search&utm_source=9aetCFF9NH-ceRnjnNBXZg,21,2.0,$,+14065421638,2601 N Reserve St,,Missoula,59808
Jokers Wild Casino & Restaurant,M5TYEP2zN7bMSyC2nupQUw,https://www.yelp.com/biz/jokers-wild-casino-and-restaurant-missoula?adjust_creative=9aetCFF9NH-ceRnjnNBXZg&utm_campaign=yelp_api_v3&utm_medium=api_v3_business_search&utm_source=9aetCFF9NH-ceRnjnNBXZg,3,1.5,$$,+14065494403,4829 N Reserve St,,Missoula,59808
O'Neill's Hot Dogs,dxx_cyUslvlaZXT2rmlktw,https://www.yelp.com/biz/o-neills-hot-dogs-missoula?adjust_creative=9aetCFF9NH-ceRnjnNBXZg&utm_campaign=yelp_api_v3&utm_medium=api_v3_business_search&utm_source=9aetCFF9NH-ceRnjnNBXZg,1,1.0,,+14063701065,400 W Broadway,Ste 101-344,Missoula,59802
Taco John's,y4wPgzbp66kUtuDgAQNpsg,https://www.yelp.com/biz/taco-johns-missoula-2?adjust_creative=9aetCFF9NH-ceRnjnNBXZg&utm_campaign=yelp_api_v3&utm_medium=api_v3_business_search&utm_source=9aetCFF9NH-ceRnjnNBXZg,18,3.0,$,+14065437275,2600 S Reserve St,,Missoula,59801
Papa John's Pizza,7ux6gxruc_RmiQxde7mw4g,https://www.yelp.com/biz/papa-johns-pizza-missoula-2?adjust_creative=9aetCFF9NH-ceRnjnNBXZg&utm_campaign=yelp_api_v3&utm_medium=api_v3_business_search&utm_source=9aetCFF9NH-ceRnjnNBXZg,8,3.0,$,+14062737272,3100 Brooks St.,,Missoula,59801
Tarantino's Pizzeria,lIN-k6TdAK6uzGfJkXiftQ,https://www.yelp.com/biz/tarantinos-pizzeria-missoula?adjust_creative=9aetCFF9NH-ceRnjnNBXZg&utm_campaign=yelp_api_v3&utm_medium=api_v3_business_search&utm_source=9aetCFF9NH-ceRnjnNBXZg,23,3.0,$$,+14069262400,4055 Brooks St,,Missoula,59804
Highlands Golf Club,1-_C_OIL4lDwu2MWeW18Ug,https://www.yelp.com/biz/highlands-golf-club-missoula?adjust_creative=9aetCFF9NH-ceRnjnNBXZg&utm_campaign=yelp_api_v3&utm_medium=api_v3_business_search&utm_source=9aetCFF9NH-ceRnjnNBXZg,3,4.0,,+14067287360,102 Ben Hogan Dr,,Missoula,59803
Rowdy's Cabin,RHLeMT3-8c8hBvH5aBIDrQ,https://www.yelp.com/biz/rowdys-cabin-missoula?adjust_creative=9aetCFF9NH-ceRnjnNBXZg&utm_campaign=yelp_api_v3&utm_medium=api_v3_business_search&utm_source=9aetCFF9NH-ceRnjnNBXZg,12,2.5,$$,+14065438001,4880 N Reserve St,,Missoula,59808
Papa Murphy's,aWj1Q6nVe9cENgkdKKiBRA,https://www.yelp.com/biz/papa-murphys-missoula-2?adjust_creative=9aetCFF9NH-ceRnjnNBXZg&utm_campaign=yelp_api_v3&utm_medium=api_v3_business_search&utm_source=9aetCFF9NH-ceRnjnNBXZg,5,4.0,,+14065410500,3800 South Russell Street,Suite 14D,Missoula,59803
Taco Bell,ZzwZn8eUktUc17MbdCLFHw,https://www.yelp.com/biz/taco-bell-missoula?adjust_creative=9aetCFF9NH-ceRnjnNBXZg&utm_campaign=yelp_api_v3&utm_medium=api_v3_business_search&utm_source=9aetCFF9NH-ceRnjnNBXZg,9,2.5,$,+14067288689,3400 Brooks Street,,Missoula,59801
Baba's Burgers & Gyros @ Stockman's Bar,a_rfXgz6z8h4c52p13oiAg,https://www.yelp.com/biz/babas-burgers-and-gyros-stockmans-bar-missoula?adjust_creative=9aetCFF9NH-ceRnjnNBXZg&utm_campaign=yelp_api_v3&utm_medium=api_v3_business_search&utm_source=9aetCFF9NH-ceRnjnNBXZg,1,1.0,,+14062746111,125 W Front St,,Missoula,59802
Domino's Pizza,pgvo2P-hG6tk2d9Kh8FHwQ,https://www.yelp.com/biz/dominos-pizza-missoula?adjust_creative=9aetCFF9NH-ceRnjnNBXZg&utm_campaign=yelp_api_v3&utm_medium=api_v3_business_search&utm_source=9aetCFF9NH-ceRnjnNBXZg,19,2.5,$,+14067217610,111 South Ave W,,Missoula,59801
Noodle Express,n2tvJ5jnhkqC2RwLmDnoSg,https://www.yelp.com/biz/noodle-express-missoula?adjust_creative=9aetCFF9NH-ceRnjnNBXZg&utm_campaign=yelp_api_v3&utm_medium=api_v3_business_search&utm_source=9aetCFF9NH-ceRnjnNBXZg,23,2.5,$$,+14065498850,2901 Brooks,,Missoula,59801
Caffe Gita,wmYPZlVvUC6E1-r2xMd_8Q,https://www.yelp.com/biz/caffe-gita-missoula?adjust_creative=9aetCFF9NH-ceRnjnNBXZg&utm_campaign=yelp_api_v3&utm_medium=api_v3_business_search&utm_source=9aetCFF9NH-ceRnjnNBXZg,3,3.5,,+14064652117,2000 S Higgins Ave,,Missoula,59801
Taco Time,TfAZ0wHkn88L9U6edfZs8Q,https://www.yelp.com/biz/taco-time-missoula?adjust_creative=9aetCFF9NH-ceRnjnNBXZg&utm_campaign=yelp_api_v3&utm_medium=api_v3_business_search&utm_source=9aetCFF9NH-ceRnjnNBXZg,14,3.0,$,+14065421414,4780 N Reserve St,,Missoula,59808
Wendy's,iL4f3couolm27MWhZINTJg,https://www.yelp.com/biz/wendys-missoula?adjust_creative=9aetCFF9NH-ceRnjnNBXZg&utm_campaign=yelp_api_v3&utm_medium=api_v3_business_search&utm_source=9aetCFF9NH-ceRnjnNBXZg,6,3.0,$,+14067281393,3011 Brooks Avenue,,Missoula,59801
Trapper Peak Coffee Company,Z35J65WkcxXD0yQczhY2-Q,https://www.yelp.com/biz/trapper-peak-coffee-company-missoula?adjust_creative=9aetCFF9NH-ceRnjnNBXZg&utm_campaign=yelp_api_v3&utm_medium=api_v3_business_search&utm_source=9aetCFF9NH-ceRnjnNBXZg,1,3.0,,,301 E Main St,,Missoula,59802
Subway Restaurants,fiVkkahQQ2hktQzMeD_u7w,https://www.yelp.com/biz/subway-restaurants-missoula?adjust_creative=9aetCFF9NH-ceRnjnNBXZg&utm_campaign=yelp_api_v3&utm_medium=api_v3_business_search&utm_source=9aetCFF9NH-ceRnjnNBXZg,1,1.0,,+14065418070,200 West Pine St.,,Missoula,59802
Little Caesars Pizza,cduSxumwBoVshQQW6qmZVA,https://www.yelp.com/biz/little-caesars-pizza-missoula-4?adjust_creative=9aetCFF9NH-ceRnjnNBXZg&utm_campaign=yelp_api_v3&utm_medium=api_v3_business_search&utm_source=9aetCFF9NH-ceRnjnNBXZg,4,2.5,$,+14065417492,3075 N Reserve St,,Missoula,59808
Arby's,IKW0jjPDncgmD3NfC0It4g,https://www.yelp.com/biz/arbys-missoula-3?adjust_creative=9aetCFF9NH-ceRnjnNBXZg&utm_campaign=yelp_api_v3&utm_medium=api_v3_business_search&utm_source=9aetCFF9NH-ceRnjnNBXZg,10,2.0,$,+14065411640,3115 N Reserve St,,Missoula,59808
Reno Casino,Ed2QPlC-TSxutq18Hj6j4A,https://www.yelp.com/biz/reno-casino-missoula?adjust_creative=9aetCFF9NH-ceRnjnNBXZg&utm_campaign=yelp_api_v3&utm_medium=api_v3_business_search&utm_source=9aetCFF9NH-ceRnjnNBXZg,3,2.5,,+14067289924,3650 Mt Highway 200 E,,Missoula,59802
Airport Restaurant and Lounge,zlk5VgpdJftuRQE0yhpOGQ,https://www.yelp.com/biz/airport-restaurant-and-lounge-missoula?adjust_creative=9aetCFF9NH-ceRnjnNBXZg&utm_campaign=yelp_api_v3&utm_medium=api_v3_business_search&utm_source=9aetCFF9NH-ceRnjnNBXZg,5,3.0,,+14065438670,5225 W Broadway St,Ste 15,Missoula,59808
Little Caesars Pizza,fImuOmlilnKJMaO6liCeFQ,https://www.yelp.com/biz/little-caesars-pizza-missoula-2?adjust_creative=9aetCFF9NH-ceRnjnNBXZg&utm_campaign=yelp_api_v3&utm_medium=api_v3_business_search&utm_source=9aetCFF9NH-ceRnjnNBXZg,9,2.5,$,+14065499992,1916 Brooks St,,Missoula,59801
Jimmy John's,vtgLbevacvHKepSuLXOHtg,https://www.yelp.com/biz/jimmy-johns-missoula-4?adjust_creative=9aetCFF9NH-ceRnjnNBXZg&utm_campaign=yelp_api_v3&utm_medium=api_v3_business_search&utm_source=9aetCFF9NH-ceRnjnNBXZg,7,3.5,$,+14069266450,3680 Brooks St,,Missoula,59801
Deano's Travel Plaza,N5179JOumC3h59SfVs86hQ,https://www.yelp.com/biz/deanos-travel-plaza-missoula-2?adjust_creative=9aetCFF9NH-ceRnjnNBXZg&utm_campaign=yelp_api_v3&utm_medium=api_v3_business_search&utm_source=9aetCFF9NH-ceRnjnNBXZg,7,1.5,,+14065438885,5055 N Reserve St,,Missoula,59808
Hoagieville,7NM2MDiiGBQFTX1SX2CfiQ,https://www.yelp.com/biz/hoagieville-missoula-4?adjust_creative=9aetCFF9NH-ceRnjnNBXZg&utm_campaign=yelp_api_v3&utm_medium=api_v3_business_search&utm_source=9aetCFF9NH-ceRnjnNBXZg,18,3.0,$,+14067285008,2901 Brooks St,Ste A7,Missoula,59801
Papa John's Pizza,A_ZG--pafuxWCjNz1sdugQ,https://www.yelp.com/biz/papa-johns-pizza-missoula?adjust_creative=9aetCFF9NH-ceRnjnNBXZg&utm_campaign=yelp_api_v3&utm_medium=api_v3_business_search&utm_source=9aetCFF9NH-ceRnjnNBXZg,3,1.0,$,+14067217272,1760 Brooks St,,Missoula,59801
KFC,H1WBFo-rP5pW1JRpgKUFTQ,https://www.yelp.com/biz/kfc-missoula-3?adjust_creative=9aetCFF9NH-ceRnjnNBXZg&utm_campaign=yelp_api_v3&utm_medium=api_v3_business_search&utm_source=9aetCFF9NH-ceRnjnNBXZg,16,2.5,$,+14065436601,3306 Brooks St,,Missoula,59801
Arby's,1GXNSbei9e7qDV32Wbohog,https://www.yelp.com/biz/arbys-missoula-2?adjust_creative=9aetCFF9NH-ceRnjnNBXZg&utm_campaign=yelp_api_v3&utm_medium=api_v3_business_search&utm_source=9aetCFF9NH-ceRnjnNBXZg,9,2.5,$,+14065438484,2900 Brooks St,,Missoula,59801
Stageline Pizza,mFZchOk7ux3QIvLbWV1a3g,https://www.yelp.com/biz/stageline-pizza-missoula?adjust_creative=9aetCFF9NH-ceRnjnNBXZg&utm_campaign=yelp_api_v3&utm_medium=api_v3_business_search&utm_source=9aetCFF9NH-ceRnjnNBXZg,6,2.5,,+14065495151,700 SW Higgins Ave,Ste 1C,Missoula,59803
